name,source_label,category,path,width,height,bbox,area_pixels
structural_structural_floors_001.png,structural,structural/floors,art/hub_generated/sliced/structural/floors/structural_structural_floors_001.png,104,103,"[19, 19, 123, 122]",9187
structural_structural_floors_002.png,structural,structural/floors,art/hub_generated/sliced/structural/floors/structural_structural_floors_002.png,103,103,"[133, 19, 236, 122]",9187
structural_structural_floors_003.png,structural,structural/floors,art/hub_generated/sliced/structural/floors/structural_structural_floors_003.png,103,103,"[246, 19, 349, 122]",9189
structural_structural_floors_004.png,structural,structural/floors,art/hub_generated/sliced/structural/floors/structural_structural_floors_004.png,103,103,"[362, 19, 465, 122]",9114
structural_structural_floors_005.png,structural,structural/floors,art/hub_generated/sliced/structural/floors/structural_structural_floors_005.png,104,104,"[478, 19, 582, 123]",9272
structural_structural_floors_006.png,structural,structural/floors,art/hub_generated/sliced/structural/floors/structural_structural_floors_006.png,105,104,"[597, 19, 702, 123]",9395
structural_structural_floors_007.png,structural,structural/floors,art/hub_generated/sliced/structural/floors/structural_structural_floors_007.png,104,104,"[721, 19, 825, 123]",9304
structural_structural_floors_008.png,structural,structural/floors,art/hub_generated/sliced/structural/floors/structural_structural_floors_008.png,104,104,"[842, 19, 946, 123]",9324
structural_structural_floors_009.png,structural,structural/floors,art/hub_generated/sliced/structural/floors/structural_structural_floors_009.png,105,104,"[966, 19, 1071, 123]",9441
structural_structural_floors_010.png,structural,structural/floors,art/hub_generated/sliced/structural/floors/structural_structural_floors_010.png,104,104,"[1087, 20, 1191, 124]",9278
structural_structural_floors_011.png,structural,structural/floors,art/hub_generated/sliced/structural/floors/structural_structural_floors_011.png,105,104,"[1206, 20, 1311, 124]",9416
structural_structural_floors_012.png,structural,structural/floors,art/hub_generated/sliced/structural/floors/structural_structural_floors_012.png,103,104,"[1331, 20, 1434, 124]",9291
structural_structural_floors_013.png,structural,structural/floors,art/hub_generated/sliced/structural/floors/structural_structural_floors_013.png,103,103,"[19, 138, 122, 241]",9075
structural_structural_floors_014.png,structural,structural/floors,art/hub_generated/sliced/structural/floors/structural_structural_floors_014.png,102,103,"[133, 138, 235, 241]",8960
structural_structural_floors_015.png,structural,structural/floors,art/hub_generated/sliced/structural/floors/structural_structural_floors_015.png,103,102,"[248, 138, 351, 240]",8907
structural_structural_floors_016.png,structural,structural/floors,art/hub_generated/sliced/structural/floors/structural_structural_floors_016.png,102,102,"[362, 138, 464, 240]",8974
structural_structural_floors_017.png,structural,structural/floors,art/hub_generated/sliced/structural/floors/structural_structural_floors_017.png,103,103,"[479, 138, 582, 241]",9185
structural_structural_floors_018.png,structural,structural/floors,art/hub_generated/sliced/structural/floors/structural_structural_floors_018.png,105,103,"[597, 138, 702, 241]",9351
structural_structural_floors_019.png,structural,structural/floors,art/hub_generated/sliced/structural/floors/structural_structural_floors_019.png,104,103,"[721, 138, 825, 241]",9290
structural_structural_floors_020.png,structural,structural/floors,art/hub_generated/sliced/structural/floors/structural_structural_floors_020.png,104,104,"[842, 138, 946, 242]",9267
structural_structural_floors_021.png,structural,structural/floors,art/hub_generated/sliced/structural/floors/structural_structural_floors_021.png,105,104,"[966, 138, 1071, 242]",9383
structural_structural_floors_022.png,structural,structural/floors,art/hub_generated/sliced/structural/floors/structural_structural_floors_022.png,104,104,"[1087, 138, 1191, 242]",9286
structural_structural_floors_023.png,structural,structural/floors,art/hub_generated/sliced/structural/floors/structural_structural_floors_023.png,105,104,"[1207, 138, 1312, 242]",9427
structural_structural_floors_024.png,structural,structural/floors,art/hub_generated/sliced/structural/floors/structural_structural_floors_024.png,103,104,"[1331, 138, 1434, 242]",9263
structural_structural_walls_corners_banners_001.png,structural,structural/walls_corners_banners,art/hub_generated/sliced/structural/walls_corners_banners/structural_structural_walls_corners_banners_001.png,62,78,"[222, 263, 284, 341]",3979
structural_structural_walls_corners_banners_002.png,structural,structural/walls_corners_banners,art/hub_generated/sliced/structural/walls_corners_banners/structural_structural_walls_corners_banners_002.png,157,78,"[300, 263, 457, 341]",10868
structural_structural_walls_corners_banners_003.png,structural,structural/walls_corners_banners,art/hub_generated/sliced/structural/walls_corners_banners/structural_structural_walls_corners_banners_003.png,58,78,"[472, 263, 530, 341]",3728
structural_structural_walls_corners_banners_004.png,structural,structural/walls_corners_banners,art/hub_generated/sliced/structural/walls_corners_banners/structural_structural_walls_corners_banners_004.png,60,78,"[545, 263, 605, 341]",3856
structural_structural_walls_corners_banners_005.png,structural,structural/walls_corners_banners,art/hub_generated/sliced/structural/walls_corners_banners/structural_structural_walls_corners_banners_005.png,64,78,"[621, 263, 685, 341]",4169
structural_structural_walls_corners_banners_006.png,structural,structural/walls_corners_banners,art/hub_generated/sliced/structural/walls_corners_banners/structural_structural_walls_corners_banners_006.png,70,78,"[700, 263, 770, 341]",4588
structural_structural_walls_corners_banners_007.png,structural,structural/walls_corners_banners,art/hub_generated/sliced/structural/walls_corners_banners/structural_structural_walls_corners_banners_007.png,64,78,"[785, 263, 849, 341]",4168
structural_structural_walls_corners_banners_008.png,structural,structural/walls_corners_banners,art/hub_generated/sliced/structural/walls_corners_banners/structural_structural_walls_corners_banners_008.png,65,78,"[864, 263, 929, 341]",4241
structural_structural_walls_corners_banners_009.png,structural,structural/walls_corners_banners,art/hub_generated/sliced/structural/walls_corners_banners/structural_structural_walls_corners_banners_009.png,55,76,"[19, 265, 74, 341]",3412
structural_structural_walls_corners_banners_010.png,structural,structural/walls_corners_banners,art/hub_generated/sliced/structural/walls_corners_banners/structural_structural_walls_corners_banners_010.png,43,76,"[89, 265, 132, 341]",2567
structural_structural_walls_corners_banners_011.png,structural,structural/walls_corners_banners,art/hub_generated/sliced/structural/walls_corners_banners/structural_structural_walls_corners_banners_011.png,60,76,"[147, 265, 207, 341]",3771
structural_structural_walls_corners_banners_012.png,structural,structural/walls_corners_banners,art/hub_generated/sliced/structural/walls_corners_banners/structural_structural_walls_corners_banners_012.png,52,98,"[961, 266, 1013, 364]",3738
structural_structural_walls_corners_banners_013.png,structural,structural/walls_corners_banners,art/hub_generated/sliced/structural/walls_corners_banners/structural_structural_walls_corners_banners_013.png,52,98,"[1034, 266, 1086, 364]",3725
structural_structural_walls_corners_banners_014.png,structural,structural/walls_corners_banners,art/hub_generated/sliced/structural/walls_corners_banners/structural_structural_walls_corners_banners_014.png,52,98,"[1106, 266, 1158, 364]",3720
structural_structural_walls_corners_banners_015.png,structural,structural/walls_corners_banners,art/hub_generated/sliced/structural/walls_corners_banners/structural_structural_walls_corners_banners_015.png,38,93,"[1181, 266, 1219, 359]",2342
structural_structural_walls_corners_banners_016.png,structural,structural/walls_corners_banners,art/hub_generated/sliced/structural/walls_corners_banners/structural_structural_walls_corners_banners_016.png,38,93,"[1240, 266, 1278, 359]",2323
structural_structural_walls_corners_banners_017.png,structural,structural/walls_corners_banners,art/hub_generated/sliced/structural/walls_corners_banners/structural_structural_walls_corners_banners_017.png,36,93,"[1297, 266, 1333, 359]",2265
structural_structural_walls_corners_banners_018.png,structural,structural/walls_corners_banners,art/hub_generated/sliced/structural/walls_corners_banners/structural_structural_walls_corners_banners_018.png,34,93,"[1350, 266, 1384, 359]",2081
structural_structural_walls_corners_banners_019.png,structural,structural/walls_corners_banners,art/hub_generated/sliced/structural/walls_corners_banners/structural_structural_walls_corners_banners_019.png,34,93,"[1396, 266, 1430, 359]",2161
structural_structural_doors_arches_pillars_001.png,structural,structural/doors_arches_pillars,art/hub_generated/sliced/structural/doors_arches_pillars/structural_structural_doors_arches_pillars_001.png,110,60,"[19, 361, 129, 421]",4736
structural_structural_doors_arches_pillars_002.png,structural,structural/doors_arches_pillars,art/hub_generated/sliced/structural/doors_arches_pillars/structural_structural_doors_arches_pillars_002.png,65,66,"[149, 361, 214, 427]",2815
structural_structural_doors_arches_pillars_003.png,structural,structural/doors_arches_pillars,art/hub_generated/sliced/structural/doors_arches_pillars/structural_structural_doors_arches_pillars_003.png,67,66,"[230, 361, 297, 427]",2928
structural_structural_doors_arches_pillars_004.png,structural,structural/doors_arches_pillars,art/hub_generated/sliced/structural/doors_arches_pillars/structural_structural_doors_arches_pillars_004.png,92,64,"[321, 361, 413, 425]",3705
structural_structural_doors_arches_pillars_005.png,structural,structural/doors_arches_pillars,art/hub_generated/sliced/structural/doors_arches_pillars/structural_structural_doors_arches_pillars_005.png,84,64,"[436, 361, 520, 425]",3516
structural_structural_doors_arches_pillars_006.png,structural,structural/doors_arches_pillars,art/hub_generated/sliced/structural/doors_arches_pillars/structural_structural_doors_arches_pillars_006.png,62,65,"[543, 362, 605, 427]",2720
structural_structural_doors_arches_pillars_007.png,structural,structural/doors_arches_pillars,art/hub_generated/sliced/structural/doors_arches_pillars/structural_structural_doors_arches_pillars_007.png,54,65,"[623, 362, 677, 427]",2440
structural_structural_doors_arches_pillars_008.png,structural,structural/doors_arches_pillars,art/hub_generated/sliced/structural/doors_arches_pillars/structural_structural_doors_arches_pillars_008.png,79,65,"[694, 362, 773, 427]",3316
structural_structural_doors_arches_pillars_009.png,structural,structural/doors_arches_pillars,art/hub_generated/sliced/structural/doors_arches_pillars/structural_structural_doors_arches_pillars_009.png,57,65,"[792, 362, 849, 427]",2433
structural_structural_doors_arches_pillars_010.png,structural,structural/doors_arches_pillars,art/hub_generated/sliced/structural/doors_arches_pillars/structural_structural_doors_arches_pillars_010.png,62,65,"[867, 362, 929, 427]",3012
structural_structural_doors_arches_pillars_011.png,structural,structural/doors_arches_pillars,art/hub_generated/sliced/structural/doors_arches_pillars/structural_structural_doors_arches_pillars_011.png,46,41,"[963, 393, 1009, 434]",1294
structural_structural_doors_arches_pillars_012.png,structural,structural/doors_arches_pillars,art/hub_generated/sliced/structural/doors_arches_pillars/structural_structural_doors_arches_pillars_012.png,43,41,"[1163, 393, 1206, 434]",1251
structural_structural_doors_arches_pillars_013.png,structural,structural/doors_arches_pillars,art/hub_generated/sliced/structural/doors_arches_pillars/structural_structural_doors_arches_pillars_013.png,41,42,"[1226, 393, 1267, 435]",1196
structural_structural_doors_arches_pillars_014.png,structural,structural/doors_arches_pillars,art/hub_generated/sliced/structural/doors_arches_pillars/structural_structural_doors_arches_pillars_014.png,35,45,"[1291, 393, 1326, 438]",963
structural_structural_doors_arches_pillars_015.png,structural,structural/doors_arches_pillars,art/hub_generated/sliced/structural/doors_arches_pillars/structural_structural_doors_arches_pillars_015.png,43,39,"[1100, 395, 1143, 434]",1190
structural_structural_doors_arches_pillars_016.png,structural,structural/doors_arches_pillars,art/hub_generated/sliced/structural/doors_arches_pillars/structural_structural_doors_arches_pillars_016.png,46,38,"[1033, 396, 1079, 434]",1230
structural_structural_doors_arches_pillars_017.png,structural,structural/doors_arches_pillars,art/hub_generated/sliced/structural/doors_arches_pillars/structural_structural_doors_arches_pillars_017.png,32,39,"[1343, 397, 1375, 436]",787
structural_structural_doors_arches_pillars_018.png,structural,structural/doors_arches_pillars,art/hub_generated/sliced/structural/doors_arches_pillars/structural_structural_doors_arches_pillars_018.png,33,39,"[1396, 397, 1429, 436]",795
structural_structural_doors_arches_pillars_019.png,structural,structural/doors_arches_pillars,art/hub_generated/sliced/structural/doors_arches_pillars/structural_structural_doors_arches_pillars_019.png,90,118,"[228, 438, 318, 556]",7515
structural_structural_doors_arches_pillars_020.png,structural,structural/doors_arches_pillars,art/hub_generated/sliced/structural/doors_arches_pillars/structural_structural_doors_arches_pillars_020.png,107,106,"[426, 444, 533, 550]",7467
structural_structural_doors_arches_pillars_021.png,structural,structural/doors_arches_pillars,art/hub_generated/sliced/structural/doors_arches_pillars/structural_structural_doors_arches_pillars_021.png,45,113,"[665, 445, 710, 558]",2305
structural_structural_doors_arches_pillars_022.png,structural,structural/doors_arches_pillars,art/hub_generated/sliced/structural/doors_arches_pillars/structural_structural_doors_arches_pillars_022.png,76,109,"[562, 452, 638, 561]",4104
structural_structural_doors_arches_pillars_023.png,structural,structural/doors_arches_pillars,art/hub_generated/sliced/structural/doors_arches_pillars/structural_structural_doors_arches_pillars_023.png,58,103,"[140, 453, 198, 556]",4046
structural_structural_doors_arches_pillars_024.png,structural,structural/doors_arches_pillars,art/hub_generated/sliced/structural/doors_arches_pillars/structural_structural_doors_arches_pillars_024.png,29,103,"[738, 453, 767, 556]",1784
structural_structural_doors_arches_pillars_025.png,structural,structural/doors_arches_pillars,art/hub_generated/sliced/structural/doors_arches_pillars/structural_structural_doors_arches_pillars_025.png,28,60,"[792, 453, 820, 513]",969
structural_structural_doors_arches_pillars_026.png,structural,structural/doors_arches_pillars,art/hub_generated/sliced/structural/doors_arches_pillars/structural_structural_doors_arches_pillars_026.png,62,91,"[344, 459, 406, 550]",2496
structural_structural_doors_arches_pillars_027.png,structural,structural/doors_arches_pillars,art/hub_generated/sliced/structural/doors_arches_pillars/structural_structural_doors_arches_pillars_027.png,26,48,"[848, 465, 874, 513]",748
structural_structural_doors_arches_pillars_028.png,structural,structural/doors_arches_pillars,art/hub_generated/sliced/structural/doors_arches_pillars/structural_structural_doors_arches_pillars_028.png,18,48,"[890, 465, 908, 513]",417
structural_structural_doors_arches_pillars_029.png,structural,structural/doors_arches_pillars,art/hub_generated/sliced/structural/doors_arches_pillars/structural_structural_doors_arches_pillars_029.png,23,48,"[925, 465, 948, 513]",565
structural_structural_doors_arches_pillars_030.png,structural,structural/doors_arches_pillars,art/hub_generated/sliced/structural/doors_arches_pillars/structural_structural_doors_arches_pillars_030.png,18,48,"[966, 465, 984, 513]",434
structural_structural_doors_arches_pillars_031.png,structural,structural/doors_arches_pillars,art/hub_generated/sliced/structural/doors_arches_pillars/structural_structural_doors_arches_pillars_031.png,45,46,"[1008, 467, 1053, 513]",1167
structural_structural_doors_arches_pillars_032.png,structural,structural/doors_arches_pillars,art/hub_generated/sliced/structural/doors_arches_pillars/structural_structural_doors_arches_pillars_032.png,87,46,"[1073, 468, 1160, 514]",2437
structural_structural_doors_arches_pillars_033.png,structural,structural/doors_arches_pillars,art/hub_generated/sliced/structural/doors_arches_pillars/structural_structural_doors_arches_pillars_033.png,135,48,"[1181, 468, 1316, 516]",4175
structural_structural_doors_arches_pillars_034.png,structural,structural/doors_arches_pillars,art/hub_generated/sliced/structural/doors_arches_pillars/structural_structural_doors_arches_pillars_034.png,30,46,"[1343, 470, 1373, 516]",649
structural_structural_doors_arches_pillars_035.png,structural,structural/doors_arches_pillars,art/hub_generated/sliced/structural/doors_arches_pillars/structural_structural_doors_arches_pillars_035.png,27,47,"[1400, 470, 1427, 517]",545
structural_structural_doors_arches_pillars_036.png,structural,structural/doors_arches_pillars,art/hub_generated/sliced/structural/doors_arches_pillars/structural_structural_doors_arches_pillars_036.png,93,83,"[23, 473, 116, 556]",6290
structural_structural_trims_stairs_railings_001.png,structural,structural/trims_stairs_railings,art/hub_generated/sliced/structural/trims_stairs_railings/structural_structural_trims_stairs_railings_001.png,74,69,"[792, 542, 866, 611]",3798
structural_structural_trims_stairs_railings_002.png,structural,structural/trims_stairs_railings,art/hub_generated/sliced/structural/trims_stairs_railings/structural_structural_trims_stairs_railings_002.png,81,75,"[1079, 542, 1160, 617]",2832
structural_structural_trims_stairs_railings_003.png,structural,structural/trims_stairs_railings,art/hub_generated/sliced/structural/trims_stairs_railings/structural_structural_trims_stairs_railings_003.png,72,75,"[1179, 550, 1251, 625]",2793
structural_structural_trims_stairs_railings_004.png,structural,structural/trims_stairs_railings,art/hub_generated/sliced/structural/trims_stairs_railings/structural_structural_trims_stairs_railings_004.png,77,70,"[1269, 550, 1346, 620]",3313
structural_structural_trims_stairs_railings_005.png,structural,structural/trims_stairs_railings,art/hub_generated/sliced/structural/trims_stairs_railings/structural_structural_trims_stairs_railings_005.png,59,75,"[1367, 550, 1426, 625]",2446
structural_structural_trims_stairs_railings_006.png,structural,structural/trims_stairs_railings,art/hub_generated/sliced/structural/trims_stairs_railings/structural_structural_trims_stairs_railings_006.png,88,39,"[887, 553, 975, 592]",2609
structural_structural_trims_stairs_railings_007.png,structural,structural/trims_stairs_railings,art/hub_generated/sliced/structural/trims_stairs_railings/structural_structural_trims_stairs_railings_007.png,68,48,"[995, 553, 1063, 601]",2115
structural_structural_trims_stairs_railings_008.png,structural,structural/trims_stairs_railings,art/hub_generated/sliced/structural/trims_stairs_railings/structural_structural_trims_stairs_railings_008.png,37,40,"[726, 575, 763, 615]",944
structural_structural_trims_stairs_railings_009.png,structural,structural/trims_stairs_railings,art/hub_generated/sliced/structural/trims_stairs_railings/structural_structural_trims_stairs_railings_009.png,91,38,"[25, 580, 116, 618]",2569
structural_structural_trims_stairs_railings_010.png,structural,structural/trims_stairs_railings,art/hub_generated/sliced/structural/trims_stairs_railings/structural_structural_trims_stairs_railings_010.png,70,37,"[135, 580, 205, 617]",1706
structural_structural_trims_stairs_railings_011.png,structural,structural/trims_stairs_railings,art/hub_generated/sliced/structural/trims_stairs_railings/structural_structural_trims_stairs_railings_011.png,85,41,"[224, 580, 309, 621]",2242
structural_structural_trims_stairs_railings_012.png,structural,structural/trims_stairs_railings,art/hub_generated/sliced/structural/trims_stairs_railings/structural_structural_trims_stairs_railings_012.png,46,37,"[327, 580, 373, 617]",1135
structural_structural_trims_stairs_railings_013.png,structural,structural/trims_stairs_railings,art/hub_generated/sliced/structural/trims_stairs_railings/structural_structural_trims_stairs_railings_013.png,71,37,"[393, 580, 464, 617]",1794
structural_structural_trims_stairs_railings_014.png,structural,structural/trims_stairs_railings,art/hub_generated/sliced/structural/trims_stairs_railings/structural_structural_trims_stairs_railings_014.png,108,35,"[483, 580, 591, 615]",2656
structural_structural_trims_stairs_railings_015.png,structural,structural/trims_stairs_railings,art/hub_generated/sliced/structural/trims_stairs_railings/structural_structural_trims_stairs_railings_015.png,95,35,"[610, 580, 705, 615]",2560
structural_structural_trims_stairs_railings_016.png,structural,structural/trims_stairs_railings,art/hub_generated/sliced/structural/trims_stairs_railings/structural_structural_trims_stairs_railings_016.png,10,19,"[1228, 585, 1238, 604]",41
structural_structural_carpets_platforms_001.png,structural,structural/carpets_platforms,art/hub_generated/sliced/structural/carpets_platforms/structural_structural_carpets_platforms_001.png,72,88,"[25, 647, 97, 735]",4970
structural_structural_carpets_platforms_002.png,structural,structural/carpets_platforms,art/hub_generated/sliced/structural/carpets_platforms/structural_structural_carpets_platforms_002.png,31,88,"[393, 647, 424, 735]",1838
structural_structural_carpets_platforms_003.png,structural,structural/carpets_platforms,art/hub_generated/sliced/structural/carpets_platforms/structural_structural_carpets_platforms_003.png,60,100,"[683, 647, 743, 747]",5068
structural_structural_carpets_platforms_004.png,structural,structural/carpets_platforms,art/hub_generated/sliced/structural/carpets_platforms/structural_structural_carpets_platforms_004.png,41,100,"[768, 647, 809, 747]",3231
structural_structural_carpets_platforms_005.png,structural,structural/carpets_platforms,art/hub_generated/sliced/structural/carpets_platforms/structural_structural_carpets_platforms_005.png,63,100,"[829, 647, 892, 747]",5307
structural_structural_carpets_platforms_006.png,structural,structural/carpets_platforms,art/hub_generated/sliced/structural/carpets_platforms/structural_structural_carpets_platforms_006.png,63,99,"[911, 647, 974, 746]",5298
structural_structural_carpets_platforms_007.png,structural,structural/carpets_platforms,art/hub_generated/sliced/structural/carpets_platforms/structural_structural_carpets_platforms_007.png,76,99,"[991, 647, 1067, 746]",6506
structural_structural_carpets_platforms_008.png,structural,structural/carpets_platforms,art/hub_generated/sliced/structural/carpets_platforms/structural_structural_carpets_platforms_008.png,63,99,"[1083, 647, 1146, 746]",5294
structural_structural_carpets_platforms_009.png,structural,structural/carpets_platforms,art/hub_generated/sliced/structural/carpets_platforms/structural_structural_carpets_platforms_009.png,65,99,"[1162, 647, 1227, 746]",5476
structural_structural_carpets_platforms_010.png,structural,structural/carpets_platforms,art/hub_generated/sliced/structural/carpets_platforms/structural_structural_carpets_platforms_010.png,83,99,"[1245, 647, 1328, 746]",7157
structural_structural_carpets_platforms_011.png,structural,structural/carpets_platforms,art/hub_generated/sliced/structural/carpets_platforms/structural_structural_carpets_platforms_011.png,83,99,"[1343, 647, 1426, 746]",7160
structural_structural_carpets_platforms_012.png,structural,structural/carpets_platforms,art/hub_generated/sliced/structural/carpets_platforms/structural_structural_carpets_platforms_012.png,22,83,"[626, 649, 648, 732]",1110
structural_structural_carpets_platforms_013.png,structural,structural/carpets_platforms,art/hub_generated/sliced/structural/carpets_platforms/structural_structural_carpets_platforms_013.png,89,76,"[141, 650, 230, 726]",5540
structural_structural_carpets_platforms_014.png,structural,structural/carpets_platforms,art/hub_generated/sliced/structural/carpets_platforms/structural_structural_carpets_platforms_014.png,22,81,"[545, 651, 567, 732]",1085
structural_structural_carpets_platforms_015.png,structural,structural/carpets_platforms,art/hub_generated/sliced/structural/carpets_platforms/structural_structural_carpets_platforms_015.png,23,78,"[583, 651, 606, 729]",1025
structural_structural_carpets_platforms_016.png,structural,structural/carpets_platforms,art/hub_generated/sliced/structural/carpets_platforms/structural_structural_carpets_platforms_016.png,66,81,"[450, 654, 516, 735]",4496
structural_structural_carpets_platforms_017.png,structural,structural/carpets_platforms,art/hub_generated/sliced/structural/carpets_platforms/structural_structural_carpets_platforms_017.png,15,71,"[124, 655, 139, 726]",501
structural_structural_carpets_platforms_018.png,structural,structural/carpets_platforms,art/hub_generated/sliced/structural/carpets_platforms/structural_structural_carpets_platforms_018.png,15,70,"[233, 655, 248, 725]",548
structural_structural_carpets_platforms_019.png,structural,structural/carpets_platforms,art/hub_generated/sliced/structural/carpets_platforms/structural_structural_carpets_platforms_019.png,89,75,"[276, 655, 365, 730]",5342
structural_structural_lava_ember_channels_001.png,structural,structural/lava_ember_channels,art/hub_generated/sliced/structural/lava_ember_channels/structural_structural_lava_ember_channels_001.png,299,77,"[23, 772, 322, 849]",20770
structural_structural_lava_ember_channels_002.png,structural,structural/lava_ember_channels,art/hub_generated/sliced/structural/lava_ember_channels/structural_structural_lava_ember_channels_002.png,86,77,"[338, 772, 424, 849]",5668
structural_structural_lava_ember_channels_003.png,structural,structural/lava_ember_channels,art/hub_generated/sliced/structural/lava_ember_channels/structural_structural_lava_ember_channels_003.png,94,97,"[441, 772, 535, 869]",7493
structural_structural_lava_ember_channels_004.png,structural,structural/lava_ember_channels,art/hub_generated/sliced/structural/lava_ember_channels/structural_structural_lava_ember_channels_004.png,98,97,"[553, 772, 651, 869]",8365
structural_structural_lava_ember_channels_005.png,structural,structural/lava_ember_channels,art/hub_generated/sliced/structural/lava_ember_channels/structural_structural_lava_ember_channels_005.png,76,99,"[671, 772, 747, 871]",6443
structural_structural_lava_ember_channels_006.png,structural,structural/lava_ember_channels,art/hub_generated/sliced/structural/lava_ember_channels/structural_structural_lava_ember_channels_006.png,96,86,"[1320, 776, 1416, 862]",7170
structural_structural_lava_ember_channels_007.png,structural,structural/lava_ember_channels,art/hub_generated/sliced/structural/lava_ember_channels/structural_structural_lava_ember_channels_007.png,76,79,"[923, 783, 999, 862]",4995
structural_structural_lava_ember_channels_008.png,structural,structural/lava_ember_channels,art/hub_generated/sliced/structural/lava_ember_channels/structural_structural_lava_ember_channels_008.png,74,78,"[1124, 784, 1198, 862]",4888
structural_structural_lava_ember_channels_009.png,structural,structural/lava_ember_channels,art/hub_generated/sliced/structural/lava_ember_channels/structural_structural_lava_ember_channels_009.png,82,78,"[1217, 784, 1299, 862]",5383
structural_structural_lava_ember_channels_010.png,structural,structural/lava_ember_channels,art/hub_generated/sliced/structural/lava_ember_channels/structural_structural_lava_ember_channels_010.png,87,75,"[1019, 787, 1106, 862]",5173
structural_structural_lava_ember_channels_011.png,structural,structural/lava_ember_channels,art/hub_generated/sliced/structural/lava_ember_channels/structural_structural_lava_ember_channels_011.png,137,64,"[768, 793, 905, 857]",6944
structural_structural_lights_small_props_001.png,structural,structural/lights_small_props,art/hub_generated/sliced/structural/lights_small_props/structural_structural_lights_small_props_001.png,50,97,"[1246, 897, 1296, 994]",3237
structural_structural_lights_small_props_002.png,structural,structural/lights_small_props,art/hub_generated/sliced/structural/lights_small_props/structural_structural_lights_small_props_002.png,40,93,"[27, 898, 67, 991]",1539
structural_structural_lights_small_props_003.png,structural,structural/lights_small_props,art/hub_generated/sliced/structural/lights_small_props/structural_structural_lights_small_props_003.png,38,82,"[465, 900, 503, 982]",1024
structural_structural_lights_small_props_004.png,structural,structural/lights_small_props,art/hub_generated/sliced/structural/lights_small_props/structural_structural_lights_small_props_004.png,37,78,"[393, 901, 430, 979]",1272
structural_structural_lights_small_props_005.png,structural,structural/lights_small_props,art/hub_generated/sliced/structural/lights_small_props/structural_structural_lights_small_props_005.png,25,85,"[250, 902, 275, 987]",846
structural_structural_lights_small_props_006.png,structural,structural/lights_small_props,art/hub_generated/sliced/structural/lights_small_props/structural_structural_lights_small_props_006.png,46,75,"[309, 902, 355, 977]",1628
structural_structural_lights_small_props_007.png,structural,structural/lights_small_props,art/hub_generated/sliced/structural/lights_small_props/structural_structural_lights_small_props_007.png,39,92,"[800, 902, 839, 994]",2284
structural_structural_lights_small_props_008.png,structural,structural/lights_small_props,art/hub_generated/sliced/structural/lights_small_props/structural_structural_lights_small_props_008.png,44,66,"[103, 903, 147, 969]",1570
structural_structural_lights_small_props_009.png,structural,structural/lights_small_props,art/hub_generated/sliced/structural/lights_small_props/structural_structural_lights_small_props_009.png,52,88,"[877, 903, 929, 991]",2457
structural_structural_lights_small_props_010.png,structural,structural/lights_small_props,art/hub_generated/sliced/structural/lights_small_props/structural_structural_lights_small_props_010.png,44,88,"[1050, 903, 1094, 991]",2160
structural_structural_lights_small_props_011.png,structural,structural/lights_small_props,art/hub_generated/sliced/structural/lights_small_props/structural_structural_lights_small_props_011.png,64,88,"[1344, 903, 1408, 991]",4237
structural_structural_lights_small_props_012.png,structural,structural/lights_small_props,art/hub_generated/sliced/structural/lights_small_props/structural_structural_lights_small_props_012.png,49,87,"[715, 904, 764, 991]",3246
structural_structural_lights_small_props_013.png,structural,structural/lights_small_props,art/hub_generated/sliced/structural/lights_small_props/structural_structural_lights_small_props_013.png,71,87,"[1139, 904, 1210, 991]",3226
structural_structural_lights_small_props_014.png,structural,structural/lights_small_props,art/hub_generated/sliced/structural/lights_small_props/structural_structural_lights_small_props_014.png,47,86,"[966, 905, 1013, 991]",2285
structural_structural_lights_small_props_015.png,structural,structural/lights_small_props,art/hub_generated/sliced/structural/lights_small_props/structural_structural_lights_small_props_015.png,44,65,"[180, 906, 224, 971]",1406
structural_structural_lights_small_props_016.png,structural,structural/lights_small_props,art/hub_generated/sliced/structural/lights_small_props/structural_structural_lights_small_props_016.png,35,75,"[634, 907, 669, 982]",1227
structural_structural_lights_small_props_017.png,structural,structural/lights_small_props,art/hub_generated/sliced/structural/lights_small_props/structural_structural_lights_small_props_017.png,50,77,"[545, 912, 595, 989]",1384
props_props_archive_bookcases_codex_001.png,props,props/archive_bookcases_codex,art/hub_generated/sliced/props/archive_bookcases_codex/props_props_archive_bookcases_codex_001.png,92,133,"[127, 19, 219, 152]",9595
props_props_archive_bookcases_codex_002.png,props,props/archive_bookcases_codex,art/hub_generated/sliced/props/archive_bookcases_codex/props_props_archive_bookcases_codex_002.png,90,133,"[347, 19, 437, 152]",9335
props_props_archive_bookcases_codex_003.png,props,props/archive_bookcases_codex,art/hub_generated/sliced/props/archive_bookcases_codex/props_props_archive_bookcases_codex_003.png,96,133,"[583, 19, 679, 152]",9691
props_props_archive_bookcases_codex_004.png,props,props/archive_bookcases_codex,art/hub_generated/sliced/props/archive_bookcases_codex/props_props_archive_bookcases_codex_004.png,90,131,"[460, 21, 550, 152]",9115
props_props_archive_bookcases_codex_005.png,props,props/archive_bookcases_codex,art/hub_generated/sliced/props/archive_bookcases_codex/props_props_archive_bookcases_codex_005.png,89,129,"[20, 23, 109, 152]",9131
props_props_archive_bookcases_codex_006.png,props,props/archive_bookcases_codex,art/hub_generated/sliced/props/archive_bookcases_codex/props_props_archive_bookcases_codex_006.png,77,128,"[713, 24, 790, 152]",5771
props_props_archive_bookcases_codex_007.png,props,props/archive_bookcases_codex,art/hub_generated/sliced/props/archive_bookcases_codex/props_props_archive_bookcases_codex_007.png,88,125,"[239, 27, 327, 152]",8794
props_props_archive_bookcases_codex_008.png,props,props/archive_bookcases_codex,art/hub_generated/sliced/props/archive_bookcases_codex/props_props_archive_bookcases_codex_008.png,82,96,"[935, 56, 1017, 152]",5903
props_props_archive_bookcases_codex_009.png,props,props/archive_bookcases_codex,art/hub_generated/sliced/props/archive_bookcases_codex/props_props_archive_bookcases_codex_009.png,53,93,"[1371, 59, 1424, 152]",3166
props_props_archive_bookcases_codex_010.png,props,props/archive_bookcases_codex,art/hub_generated/sliced/props/archive_bookcases_codex/props_props_archive_bookcases_codex_010.png,79,91,"[1252, 61, 1331, 152]",4816
props_props_archive_bookcases_codex_011.png,props,props/archive_bookcases_codex,art/hub_generated/sliced/props/archive_bookcases_codex/props_props_archive_bookcases_codex_011.png,58,87,"[1158, 65, 1216, 152]",3286
props_props_archive_bookcases_codex_012.png,props,props/archive_bookcases_codex,art/hub_generated/sliced/props/archive_bookcases_codex/props_props_archive_bookcases_codex_012.png,75,86,"[1049, 66, 1124, 152]",4739
props_props_archive_bookcases_codex_013.png,props,props/archive_bookcases_codex,art/hub_generated/sliced/props/archive_bookcases_codex/props_props_archive_bookcases_codex_013.png,68,85,"[830, 67, 898, 152]",3820
props_props_forge_smithing_001.png,props,props/forge_smithing,art/hub_generated/sliced/props/forge_smithing/props_props_forge_smithing_001.png,103,116,"[120, 177, 223, 293]",6843
props_props_forge_smithing_002.png,props,props/forge_smithing,art/hub_generated/sliced/props/forge_smithing/props_props_forge_smithing_002.png,91,96,"[240, 194, 331, 290]",6342
props_props_forge_smithing_003.png,props,props/forge_smithing,art/hub_generated/sliced/props/forge_smithing/props_props_forge_smithing_003.png,92,96,"[20, 197, 112, 293]",5769
props_props_forge_smithing_004.png,props,props/forge_smithing,art/hub_generated/sliced/props/forge_smithing/props_props_forge_smithing_004.png,97,86,"[448, 204, 545, 290]",5355
props_props_forge_smithing_005.png,props,props/forge_smithing,art/hub_generated/sliced/props/forge_smithing/props_props_forge_smithing_005.png,109,83,"[564, 206, 673, 289]",6038
props_props_forge_smithing_006.png,props,props/forge_smithing,art/hub_generated/sliced/props/forge_smithing/props_props_forge_smithing_006.png,80,64,"[1348, 220, 1428, 284]",3476
props_props_forge_smithing_007.png,props,props/forge_smithing,art/hub_generated/sliced/props/forge_smithing/props_props_forge_smithing_007.png,39,65,"[1293, 221, 1332, 286]",1379
props_props_forge_smithing_008.png,props,props/forge_smithing,art/hub_generated/sliced/props/forge_smithing/props_props_forge_smithing_008.png,82,60,"[348, 224, 430, 284]",3540
props_props_forge_smithing_009.png,props,props/forge_smithing,art/hub_generated/sliced/props/forge_smithing/props_props_forge_smithing_009.png,67,65,"[1203, 225, 1270, 290]",2564
props_props_forge_smithing_010.png,props,props/forge_smithing,art/hub_generated/sliced/props/forge_smithing/props_props_forge_smithing_010.png,12,23,"[1262, 225, 1274, 248]",82
props_props_forge_smithing_011.png,props,props/forge_smithing,art/hub_generated/sliced/props/forge_smithing/props_props_forge_smithing_011.png,83,56,"[690, 227, 773, 283]",2601
props_props_forge_smithing_012.png,props,props/forge_smithing,art/hub_generated/sliced/props/forge_smithing/props_props_forge_smithing_012.png,40,45,"[1140, 233, 1180, 278]",721
props_props_forge_smithing_013.png,props,props/forge_smithing,art/hub_generated/sliced/props/forge_smithing/props_props_forge_smithing_013.png,33,43,"[947, 234, 980, 277]",368
props_props_forge_smithing_014.png,props,props/forge_smithing,art/hub_generated/sliced/props/forge_smithing/props_props_forge_smithing_014.png,59,44,"[997, 234, 1056, 278]",1177
props_props_forge_smithing_015.png,props,props/forge_smithing,art/hub_generated/sliced/props/forge_smithing/props_props_forge_smithing_015.png,48,44,"[1072, 234, 1120, 278]",964
props_props_forge_smithing_016.png,props,props/forge_smithing,art/hub_generated/sliced/props/forge_smithing/props_props_forge_smithing_016.png,31,42,"[845, 236, 876, 278]",417
props_props_forge_smithing_017.png,props,props/forge_smithing,art/hub_generated/sliced/props/forge_smithing/props_props_forge_smithing_017.png,36,41,"[792, 237, 828, 278]",712
props_props_forge_smithing_018.png,props,props/forge_smithing,art/hub_generated/sliced/props/forge_smithing/props_props_forge_smithing_018.png,20,39,"[907, 238, 927, 277]",299
props_props_forge_smithing_019.png,props,props/forge_smithing,art/hub_generated/sliced/props/forge_smithing/props_props_forge_smithing_019.png,18,39,"[893, 239, 911, 278]",278
props_props_training_weapons_chests_001.png,props,props/training_weapons_chests,art/hub_generated/sliced/props/training_weapons_chests/props_props_training_weapons_chests_001.png,45,95,"[1095, 312, 1140, 407]",2380
props_props_training_weapons_chests_002.png,props,props/training_weapons_chests,art/hub_generated/sliced/props/training_weapons_chests/props_props_training_weapons_chests_002.png,42,95,"[638, 314, 680, 409]",1808
props_props_training_weapons_chests_003.png,props,props/training_weapons_chests,art/hub_generated/sliced/props/training_weapons_chests/props_props_training_weapons_chests_003.png,43,95,"[964, 314, 1007, 409]",1949
props_props_training_weapons_chests_004.png,props,props/training_weapons_chests,art/hub_generated/sliced/props/training_weapons_chests/props_props_training_weapons_chests_004.png,44,94,"[702, 315, 746, 409]",2239
props_props_training_weapons_chests_005.png,props,props/training_weapons_chests,art/hub_generated/sliced/props/training_weapons_chests/props_props_training_weapons_chests_005.png,43,94,"[833, 315, 876, 409]",1948
props_props_training_weapons_chests_006.png,props,props/training_weapons_chests,art/hub_generated/sliced/props/training_weapons_chests/props_props_training_weapons_chests_006.png,42,94,"[899, 315, 941, 409]",2027
props_props_training_weapons_chests_007.png,props,props/training_weapons_chests,art/hub_generated/sliced/props/training_weapons_chests/props_props_training_weapons_chests_007.png,43,93,"[1029, 316, 1072, 409]",2032
props_props_training_weapons_chests_008.png,props,props/training_weapons_chests,art/hub_generated/sliced/props/training_weapons_chests/props_props_training_weapons_chests_008.png,43,92,"[768, 317, 811, 409]",2193
props_props_training_weapons_chests_009.png,props,props/training_weapons_chests,art/hub_generated/sliced/props/training_weapons_chests/props_props_training_weapons_chests_009.png,62,87,"[21, 323, 83, 410]",1912
props_props_training_weapons_chests_010.png,props,props/training_weapons_chests,art/hub_generated/sliced/props/training_weapons_chests/props_props_training_weapons_chests_010.png,73,87,"[169, 323, 242, 410]",2088
props_props_training_weapons_chests_011.png,props,props/training_weapons_chests,art/hub_generated/sliced/props/training_weapons_chests/props_props_training_weapons_chests_011.png,97,84,"[520, 325, 617, 409]",5899
props_props_training_weapons_chests_012.png,props,props/training_weapons_chests,art/hub_generated/sliced/props/training_weapons_chests/props_props_training_weapons_chests_012.png,58,84,"[103, 326, 161, 410]",1938
props_props_training_weapons_chests_013.png,props,props/training_weapons_chests,art/hub_generated/sliced/props/training_weapons_chests/props_props_training_weapons_chests_013.png,47,81,"[263, 329, 310, 410]",2283
props_props_training_weapons_chests_014.png,props,props/training_weapons_chests,art/hub_generated/sliced/props/training_weapons_chests/props_props_training_weapons_chests_014.png,44,81,"[332, 329, 376, 410]",2168
props_props_training_weapons_chests_015.png,props,props/training_weapons_chests,art/hub_generated/sliced/props/training_weapons_chests/props_props_training_weapons_chests_015.png,45,81,"[398, 329, 443, 410]",2266
props_props_training_weapons_chests_016.png,props,props/training_weapons_chests,art/hub_generated/sliced/props/training_weapons_chests/props_props_training_weapons_chests_016.png,22,79,"[463, 329, 485, 408]",958
props_props_training_weapons_chests_017.png,props,props/training_weapons_chests,art/hub_generated/sliced/props/training_weapons_chests/props_props_training_weapons_chests_017.png,74,69,"[1168, 339, 1242, 408]",3918
props_props_training_weapons_chests_018.png,props,props/training_weapons_chests,art/hub_generated/sliced/props/training_weapons_chests/props_props_training_weapons_chests_018.png,78,66,"[1260, 342, 1338, 408]",3913
props_props_training_weapons_chests_019.png,props,props/training_weapons_chests,art/hub_generated/sliced/props/training_weapons_chests/props_props_training_weapons_chests_019.png,71,58,"[1358, 350, 1429, 408]",3196
props_props_storage_furniture_001.png,props,props/storage_furniture,art/hub_generated/sliced/props/storage_furniture/props_props_storage_furniture_001.png,49,84,"[1378, 432, 1427, 516]",2589
props_props_storage_furniture_002.png,props,props/storage_furniture,art/hub_generated/sliced/props/storage_furniture/props_props_storage_furniture_002.png,44,83,"[624, 433, 668, 516]",2392
props_props_storage_furniture_003.png,props,props/storage_furniture,art/hub_generated/sliced/props/storage_furniture/props_props_storage_furniture_003.png,51,80,"[932, 436, 983, 516]",2691
props_props_storage_furniture_004.png,props,props/storage_furniture,art/hub_generated/sliced/props/storage_furniture/props_props_storage_furniture_004.png,46,80,"[1000, 436, 1046, 516]",2234
props_props_storage_furniture_005.png,props,props/storage_furniture,art/hub_generated/sliced/props/storage_furniture/props_props_storage_furniture_005.png,43,80,"[1065, 436, 1108, 516]",2307
props_props_storage_furniture_006.png,props,props/storage_furniture,art/hub_generated/sliced/props/storage_furniture/props_props_storage_furniture_006.png,93,78,"[677, 438, 770, 516]",4594
props_props_storage_furniture_007.png,props,props/storage_furniture,art/hub_generated/sliced/props/storage_furniture/props_props_storage_furniture_007.png,42,76,"[1324, 440, 1366, 516]",1984
props_props_storage_furniture_008.png,props,props/storage_furniture,art/hub_generated/sliced/props/storage_furniture/props_props_storage_furniture_008.png,77,69,"[1126, 445, 1203, 514]",3906
props_props_storage_furniture_009.png,props,props/storage_furniture,art/hub_generated/sliced/props/storage_furniture/props_props_storage_furniture_009.png,118,69,"[794, 447, 912, 516]",6314
props_props_storage_furniture_010.png,props,props/storage_furniture,art/hub_generated/sliced/props/storage_furniture/props_props_storage_furniture_010.png,89,65,"[1218, 450, 1307, 515]",3808
props_props_storage_furniture_011.png,props,props/storage_furniture,art/hub_generated/sliced/props/storage_furniture/props_props_storage_furniture_011.png,79,63,"[183, 453, 262, 516]",4113
props_props_storage_furniture_012.png,props,props/storage_furniture,art/hub_generated/sliced/props/storage_furniture/props_props_storage_furniture_012.png,67,62,"[278, 454, 345, 516]",3306
props_props_storage_furniture_013.png,props,props/storage_furniture,art/hub_generated/sliced/props/storage_furniture/props_props_storage_furniture_013.png,50,61,"[361, 455, 411, 516]",2418
props_props_storage_furniture_014.png,props,props/storage_furniture,art/hub_generated/sliced/props/storage_furniture/props_props_storage_furniture_014.png,45,61,"[507, 455, 552, 516]",1869
props_props_storage_furniture_015.png,props,props/storage_furniture,art/hub_generated/sliced/props/storage_furniture/props_props_storage_furniture_015.png,65,60,"[103, 456, 168, 516]",3125
props_props_storage_furniture_016.png,props,props/storage_furniture,art/hub_generated/sliced/props/storage_furniture/props_props_storage_furniture_016.png,65,59,"[22, 457, 87, 516]",3058
props_props_storage_furniture_017.png,props,props/storage_furniture,art/hub_generated/sliced/props/storage_furniture/props_props_storage_furniture_017.png,62,59,"[428, 457, 490, 516]",2754
props_props_storage_furniture_018.png,props,props/storage_furniture,art/hub_generated/sliced/props/storage_furniture/props_props_storage_furniture_018.png,42,57,"[566, 459, 608, 516]",1573
props_props_banners_chains_lights_001.png,props,props/banners_chains_lights,art/hub_generated/sliced/props/banners_chains_lights/props_props_banners_chains_lights_001.png,56,107,"[885, 542, 941, 649]",2491
props_props_banners_chains_lights_002.png,props,props/banners_chains_lights,art/hub_generated/sliced/props/banners_chains_lights/props_props_banners_chains_lights_002.png,53,105,"[87, 550, 140, 655]",2391
props_props_banners_chains_lights_003.png,props,props/banners_chains_lights,art/hub_generated/sliced/props/banners_chains_lights/props_props_banners_chains_lights_003.png,53,105,"[147, 550, 200, 655]",2417
props_props_banners_chains_lights_004.png,props,props/banners_chains_lights,art/hub_generated/sliced/props/banners_chains_lights/props_props_banners_chains_lights_004.png,53,105,"[208, 550, 261, 655]",2345
props_props_banners_chains_lights_005.png,props,props/banners_chains_lights,art/hub_generated/sliced/props/banners_chains_lights/props_props_banners_chains_lights_005.png,59,104,"[21, 551, 80, 655]",3151
props_props_banners_chains_lights_006.png,props,props/banners_chains_lights,art/hub_generated/sliced/props/banners_chains_lights/props_props_banners_chains_lights_006.png,17,98,"[845, 551, 862, 649]",695
props_props_banners_chains_lights_007.png,props,props/banners_chains_lights,art/hub_generated/sliced/props/banners_chains_lights/props_props_banners_chains_lights_007.png,72,101,"[272, 553, 344, 654]",3587
props_props_banners_chains_lights_008.png,props,props/banners_chains_lights,art/hub_generated/sliced/props/banners_chains_lights/props_props_banners_chains_lights_008.png,41,95,"[671, 555, 712, 650]",1514
props_props_banners_chains_lights_009.png,props,props/banners_chains_lights,art/hub_generated/sliced/props/banners_chains_lights/props_props_banners_chains_lights_009.png,15,95,"[739, 555, 754, 650]",653
props_props_banners_chains_lights_010.png,props,props/banners_chains_lights,art/hub_generated/sliced/props/banners_chains_lights/props_props_banners_chains_lights_010.png,15,93,"[796, 557, 811, 650]",671
props_props_banners_chains_lights_011.png,props,props/banners_chains_lights,art/hub_generated/sliced/props/banners_chains_lights/props_props_banners_chains_lights_011.png,61,88,"[355, 561, 416, 649]",2732
props_props_banners_chains_lights_012.png,props,props/banners_chains_lights,art/hub_generated/sliced/props/banners_chains_lights/props_props_banners_chains_lights_012.png,48,88,"[503, 561, 551, 649]",1904
props_props_banners_chains_lights_013.png,props,props/banners_chains_lights,art/hub_generated/sliced/props/banners_chains_lights/props_props_banners_chains_lights_013.png,64,88,"[579, 561, 643, 649]",1404
props_props_banners_chains_lights_014.png,props,props/banners_chains_lights,art/hub_generated/sliced/props/banners_chains_lights/props_props_banners_chains_lights_014.png,63,88,"[426, 562, 489, 650]",2899
props_props_banners_chains_lights_015.png,props,props/banners_chains_lights,art/hub_generated/sliced/props/banners_chains_lights/props_props_banners_chains_lights_015.png,35,81,"[1073, 568, 1108, 649]",1422
props_props_banners_chains_lights_016.png,props,props/banners_chains_lights,art/hub_generated/sliced/props/banners_chains_lights/props_props_banners_chains_lights_016.png,45,81,"[1283, 568, 1328, 649]",2281
props_props_banners_chains_lights_017.png,props,props/banners_chains_lights,art/hub_generated/sliced/props/banners_chains_lights/props_props_banners_chains_lights_017.png,72,78,"[1351, 571, 1423, 649]",3046
props_props_banners_chains_lights_018.png,props,props/banners_chains_lights,art/hub_generated/sliced/props/banners_chains_lights/props_props_banners_chains_lights_018.png,42,77,"[1135, 572, 1177, 649]",1978
props_props_banners_chains_lights_019.png,props,props/banners_chains_lights,art/hub_generated/sliced/props/banners_chains_lights/props_props_banners_chains_lights_019.png,47,71,"[1210, 578, 1257, 649]",1646
props_props_banners_chains_lights_020.png,props,props/banners_chains_lights,art/hub_generated/sliced/props/banners_chains_lights/props_props_banners_chains_lights_020.png,19,70,"[1033, 579, 1052, 649]",537
props_props_banners_chains_lights_021.png,props,props/banners_chains_lights,art/hub_generated/sliced/props/banners_chains_lights/props_props_banners_chains_lights_021.png,39,58,"[971, 592, 1010, 650]",984
props_props_ritual_statues_pillars_001.png,props,props/ritual_statues_pillars,art/hub_generated/sliced/props/ritual_statues_pillars/props_props_ritual_statues_pillars_001.png,128,117,"[660, 673, 788, 790]",7498
props_props_ritual_statues_pillars_002.png,props,props/ritual_statues_pillars,art/hub_generated/sliced/props/ritual_statues_pillars/props_props_ritual_statues_pillars_002.png,47,116,"[460, 674, 507, 790]",2629
props_props_ritual_statues_pillars_003.png,props,props/ritual_statues_pillars,art/hub_generated/sliced/props/ritual_statues_pillars/props_props_ritual_statues_pillars_003.png,50,116,"[808, 674, 858, 790]",2631
props_props_ritual_statues_pillars_004.png,props,props/ritual_statues_pillars,art/hub_generated/sliced/props/ritual_statues_pillars/props_props_ritual_statues_pillars_004.png,45,108,"[531, 682, 576, 790]",2410
props_props_ritual_statues_pillars_005.png,props,props/ritual_statues_pillars,art/hub_generated/sliced/props/ritual_statues_pillars/props_props_ritual_statues_pillars_005.png,50,106,"[24, 684, 74, 790]",3767
props_props_ritual_statues_pillars_006.png,props,props/ritual_statues_pillars,art/hub_generated/sliced/props/ritual_statues_pillars/props_props_ritual_statues_pillars_006.png,96,107,"[1055, 684, 1151, 791]",6868
props_props_ritual_statues_pillars_007.png,props,props/ritual_statues_pillars,art/hub_generated/sliced/props/ritual_statues_pillars/props_props_ritual_statues_pillars_007.png,69,104,"[966, 686, 1035, 790]",4536
props_props_ritual_statues_pillars_008.png,props,props/ritual_statues_pillars,art/hub_generated/sliced/props/ritual_statues_pillars/props_props_ritual_statues_pillars_008.png,85,103,"[877, 687, 962, 790]",4577
props_props_ritual_statues_pillars_009.png,props,props/ritual_statues_pillars,art/hub_generated/sliced/props/ritual_statues_pillars/props_props_ritual_statues_pillars_009.png,49,99,"[170, 690, 219, 789]",3373
props_props_ritual_statues_pillars_010.png,props,props/ritual_statues_pillars,art/hub_generated/sliced/props/ritual_statues_pillars/props_props_ritual_statues_pillars_010.png,46,99,"[383, 691, 429, 790]",2731
props_props_ritual_statues_pillars_011.png,props,props/ritual_statues_pillars,art/hub_generated/sliced/props/ritual_statues_pillars/props_props_ritual_statues_pillars_011.png,49,97,"[98, 692, 147, 789]",3285
props_props_ritual_statues_pillars_012.png,props,props/ritual_statues_pillars,art/hub_generated/sliced/props/ritual_statues_pillars/props_props_ritual_statues_pillars_012.png,41,84,"[599, 706, 640, 790]",1823
props_props_ritual_statues_pillars_013.png,props,props/ritual_statues_pillars,art/hub_generated/sliced/props/ritual_statues_pillars/props_props_ritual_statues_pillars_013.png,42,81,"[1377, 709, 1419, 790]",1797
props_props_ritual_statues_pillars_014.png,props,props/ritual_statues_pillars,art/hub_generated/sliced/props/ritual_statues_pillars/props_props_ritual_statues_pillars_014.png,47,80,"[1237, 710, 1284, 790]",2103
props_props_ritual_statues_pillars_015.png,props,props/ritual_statues_pillars,art/hub_generated/sliced/props/ritual_statues_pillars/props_props_ritual_statues_pillars_015.png,42,78,"[1172, 713, 1214, 791]",1808
props_props_ritual_statues_pillars_016.png,props,props/ritual_statues_pillars,art/hub_generated/sliced/props/ritual_statues_pillars/props_props_ritual_statues_pillars_016.png,105,75,"[250, 714, 355, 789]",5651
props_props_ritual_statues_pillars_017.png,props,props/ritual_statues_pillars,art/hub_generated/sliced/props/ritual_statues_pillars/props_props_ritual_statues_pillars_017.png,44,74,"[1310, 716, 1354, 790]",1852
props_props_doors_wall_modules_001.png,props,props/doors_wall_modules,art/hub_generated/sliced/props/doors_wall_modules/props_props_doors_wall_modules_001.png,108,99,"[437, 814, 545, 913]",7997
props_props_doors_wall_modules_002.png,props,props/doors_wall_modules,art/hub_generated/sliced/props/doors_wall_modules/props_props_doors_wall_modules_002.png,82,86,"[330, 827, 412, 913]",5439
props_props_doors_wall_modules_003.png,props,props/doors_wall_modules,art/hub_generated/sliced/props/doors_wall_modules/props_props_doors_wall_modules_003.png,80,85,"[229, 828, 309, 913]",5038
props_props_doors_wall_modules_004.png,props,props/doors_wall_modules,art/hub_generated/sliced/props/doors_wall_modules/props_props_doors_wall_modules_004.png,66,79,"[568, 835, 634, 914]",3927
props_props_doors_wall_modules_005.png,props,props/doors_wall_modules,art/hub_generated/sliced/props/doors_wall_modules/props_props_doors_wall_modules_005.png,49,77,"[157, 836, 206, 913]",2732
props_props_doors_wall_modules_006.png,props,props/doors_wall_modules,art/hub_generated/sliced/props/doors_wall_modules/props_props_doors_wall_modules_006.png,93,78,"[659, 836, 752, 914]",5308
props_props_doors_wall_modules_007.png,props,props/doors_wall_modules,art/hub_generated/sliced/props/doors_wall_modules/props_props_doors_wall_modules_007.png,46,76,"[846, 837, 892, 913]",2233
props_props_doors_wall_modules_008.png,props,props/doors_wall_modules,art/hub_generated/sliced/props/doors_wall_modules/props_props_doors_wall_modules_008.png,43,75,"[902, 838, 945, 913]",2465
props_props_doors_wall_modules_009.png,props,props/doors_wall_modules,art/hub_generated/sliced/props/doors_wall_modules/props_props_doors_wall_modules_009.png,40,75,"[966, 838, 1006, 913]",2283
props_props_doors_wall_modules_010.png,props,props/doors_wall_modules,art/hub_generated/sliced/props/doors_wall_modules/props_props_doors_wall_modules_010.png,44,75,"[1029, 838, 1073, 913]",2528
props_props_doors_wall_modules_011.png,props,props/doors_wall_modules,art/hub_generated/sliced/props/doors_wall_modules/props_props_doors_wall_modules_011.png,60,74,"[1104, 838, 1164, 912]",3447
props_props_doors_wall_modules_012.png,props,props/doors_wall_modules,art/hub_generated/sliced/props/doors_wall_modules/props_props_doors_wall_modules_012.png,80,75,"[1192, 838, 1272, 913]",4985
props_props_doors_wall_modules_013.png,props,props/doors_wall_modules,art/hub_generated/sliced/props/doors_wall_modules/props_props_doors_wall_modules_013.png,39,75,"[1302, 838, 1341, 913]",2226
props_props_doors_wall_modules_014.png,props,props/doors_wall_modules,art/hub_generated/sliced/props/doors_wall_modules/props_props_doors_wall_modules_014.png,61,75,"[1367, 838, 1428, 913]",3729
props_props_doors_wall_modules_015.png,props,props/doors_wall_modules,art/hub_generated/sliced/props/doors_wall_modules/props_props_doors_wall_modules_015.png,45,69,"[92, 844, 137, 913]",2162
props_props_doors_wall_modules_016.png,props,props/doors_wall_modules,art/hub_generated/sliced/props/doors_wall_modules/props_props_doors_wall_modules_016.png,58,67,"[20, 846, 78, 913]",2932
props_props_doors_wall_modules_017.png,props,props/doors_wall_modules,art/hub_generated/sliced/props/doors_wall_modules/props_props_doors_wall_modules_017.png,47,65,"[775, 848, 822, 913]",2308
props_landmarks_gates_large_doors_001.png,props,landmarks/gates_large_doors,art/hub_generated/sliced/landmarks/gates_large_doors/props_landmarks_gates_large_doors_001.png,131,122,"[587, 936, 718, 1058]",11769
props_landmarks_gates_large_doors_002.png,props,landmarks/gates_large_doors,art/hub_generated/sliced/landmarks/gates_large_doors/props_landmarks_gates_large_doors_002.png,64,115,"[740, 942, 804, 1057]",4782
props_landmarks_gates_large_doors_003.png,props,landmarks/gates_large_doors,art/hub_generated/sliced/landmarks/gates_large_doors/props_landmarks_gates_large_doors_003.png,90,107,"[469, 951, 559, 1058]",7204
props_landmarks_gates_large_doors_004.png,props,landmarks/gates_large_doors,art/hub_generated/sliced/landmarks/gates_large_doors/props_landmarks_gates_large_doors_004.png,81,103,"[833, 954, 914, 1057]",7121
props_landmarks_gates_large_doors_005.png,props,landmarks/gates_large_doors,art/hub_generated/sliced/landmarks/gates_large_doors/props_landmarks_gates_large_doors_005.png,55,101,"[1372, 954, 1427, 1055]",3112
props_landmarks_gates_large_doors_006.png,props,landmarks/gates_large_doors,art/hub_generated/sliced/landmarks/gates_large_doors/props_landmarks_gates_large_doors_006.png,57,102,"[108, 955, 165, 1057]",4797
props_landmarks_gates_large_doors_007.png,props,landmarks/gates_large_doors,art/hub_generated/sliced/landmarks/gates_large_doors/props_landmarks_gates_large_doors_007.png,64,102,"[187, 955, 251, 1057]",5388
props_landmarks_gates_large_doors_008.png,props,landmarks/gates_large_doors,art/hub_generated/sliced/landmarks/gates_large_doors/props_landmarks_gates_large_doors_008.png,77,102,"[271, 955, 348, 1057]",6642
props_landmarks_gates_large_doors_009.png,props,landmarks/gates_large_doors,art/hub_generated/sliced/landmarks/gates_large_doors/props_landmarks_gates_large_doors_009.png,66,101,"[933, 955, 999, 1056]",5623
props_landmarks_gates_large_doors_010.png,props,landmarks/gates_large_doors,art/hub_generated/sliced/landmarks/gates_large_doors/props_landmarks_gates_large_doors_010.png,79,101,"[1014, 955, 1093, 1056]",5557
props_landmarks_gates_large_doors_011.png,props,landmarks/gates_large_doors,art/hub_generated/sliced/landmarks/gates_large_doors/props_landmarks_gates_large_doors_011.png,56,101,"[1108, 955, 1164, 1056]",4576
props_landmarks_gates_large_doors_012.png,props,landmarks/gates_large_doors,art/hub_generated/sliced/landmarks/gates_large_doors/props_landmarks_gates_large_doors_012.png,54,101,"[1181, 955, 1235, 1056]",3001
props_landmarks_gates_large_doors_013.png,props,landmarks/gates_large_doors,art/hub_generated/sliced/landmarks/gates_large_doors/props_landmarks_gates_large_doors_013.png,42,37,"[1248, 955, 1290, 992]",955
props_landmarks_gates_large_doors_014.png,props,landmarks/gates_large_doors,art/hub_generated/sliced/landmarks/gates_large_doors/props_landmarks_gates_large_doors_014.png,48,77,"[1306, 955, 1354, 1032]",1851
props_landmarks_gates_large_doors_015.png,props,landmarks/gates_large_doors,art/hub_generated/sliced/landmarks/gates_large_doors/props_landmarks_gates_large_doors_015.png,65,102,"[21, 956, 86, 1058]",5512
props_landmarks_gates_large_doors_016.png,props,landmarks/gates_large_doors,art/hub_generated/sliced/landmarks/gates_large_doors/props_landmarks_gates_large_doors_016.png,82,100,"[368, 957, 450, 1057]",6574
